arch,lob,seed,mape,rmspe,n_companies,n_filtered,training_time,epochs_trained,best_val_loss
gru_baseline,private_passenger_auto,0,0.04998452094760298,0.09068031154639757,284,0,93.6,201,0.0004873501214509209
gru_baseline,private_passenger_auto,1,0.04764082250205311,0.08856938007463976,284,0,128.07,201,0.0004924810168126391
gru_baseline,private_passenger_auto,2,0.04609558955515127,0.08682654147221991,284,0,110.78,201,0.00047985898304937617
gru_baseline,private_passenger_auto,3,0.058098236515788014,0.10057515246289113,284,0,77.35,201,0.0004834564169868827
gru_baseline,private_passenger_auto,4,0.04853428358510998,0.08961881164469984,284,0,101.61,201,0.0004883276350382301
gru_baseline,private_passenger_auto,5,0.0471040460184645,0.08612318918873003,284,0,80.77,201,0.00048007716961567185
gru_baseline,private_passenger_auto,6,0.05145549200030354,0.09225423571662113,284,0,73.28,201,0.00047875134623609483
gru_baseline,private_passenger_auto,7,0.04902715144381324,0.09044393066618635,284,0,71.23,201,0.00048393183775867027
gru_baseline,private_passenger_auto,8,0.054125202157241495,0.09502086879004801,284,0,76.63,201,0.00047970320641373593
gru_baseline,private_passenger_auto,9,0.04846632962669164,0.08549771209706125,284,0,77.17,201,0.0004873946389933634
gru_baseline,private_passenger_auto,10,0.05823480421370256,0.10319048138228513,284,0,78.84,201,0.0004950883659249586
gru_baseline,private_passenger_auto,11,0.04698361231062017,0.08764051485283109,284,0,76.87,201,0.00047296067188856087
gru_baseline,private_passenger_auto,12,0.04982005588222978,0.0893539723421347,284,0,77.5,201,0.0004835446371645149
gru_baseline,private_passenger_auto,13,0.05171142379402827,0.09695131616039185,284,0,78.42,201,0.00047674901886946626
gru_baseline,private_passenger_auto,14,0.05588347701688441,0.09794637197487929,284,0,76.96,201,0.0004855247550747461
gru_baseline,private_passenger_auto,15,0.05488500660583164,0.09576569242041193,284,0,77.36,201,0.0004933830771026098
gru_baseline,private_passenger_auto,16,0.05072541656400974,0.09092525154228939,284,0,78.02,201,0.00048143370400389866
gru_baseline,private_passenger_auto,17,0.049090521224561916,0.09212971164391022,284,0,77.05,201,0.0004669114067736599
gru_baseline,private_passenger_auto,18,0.05702751283021452,0.10037216359615031,284,0,79.21,201,0.00048726498627931706
gru_baseline,private_passenger_auto,19,0.051770904970993924,0.09560498205895458,284,0,77.26,201,0.0004932205192744732
gru_baseline,private_passenger_auto,20,0.050857339150673656,0.09378172751389961,284,0,76.72,201,0.00048066830074983754
gru_baseline,private_passenger_auto,21,0.045748463769400685,0.08485420741468928,284,0,76.72,201,0.00048419698173852847
gru_baseline,private_passenger_auto,22,0.056436195113036686,0.09895400040456216,284,0,92.06,201,0.000488549002006443
gru_baseline,private_passenger_auto,23,0.05161136890121987,0.09464718359083173,284,0,76.84,201,0.0004893753422139627
gru_baseline,private_passenger_auto,24,0.04703991293465466,0.0855112717847413,284,0,77.59,201,0.00047078793997772865
gru_baseline,private_passenger_auto,25,0.051294469142714474,0.09081419870774299,284,0,79.3,201,0.00048725637801301974
gru_baseline,private_passenger_auto,26,0.04963088229800295,0.08814418456476072,284,0,77.08,201,0.00048566210413506877
gru_baseline,private_passenger_auto,27,0.05157400703946624,0.09375943830704099,284,0,76.4,201,0.0004936577396519068
gru_baseline,private_passenger_auto,28,0.050274707461881486,0.09459090286057263,284,0,72.83,201,0.00047174458935235936
gru_baseline,private_passenger_auto,29,0.05114019799041104,0.09276590068484088,284,0,71.32,201,0.0004720269676504864
gru_baseline,private_passenger_auto,30,0.05124743882451637,0.08847258151598518,284,0,71.48,201,0.0004822672312406616
gru_baseline,private_passenger_auto,31,0.049719915186267116,0.09026552582528208,284,0,71.72,201,0.0004812843706329457
gru_baseline,private_passenger_auto,32,0.05556765511799631,0.09565254490609962,284,0,71.34,201,0.0004941692039008356
gru_baseline,private_passenger_auto,33,0.05808737849242102,0.10134011621723085,284,0,72.2,201,0.0004811096619555934
gru_baseline,private_passenger_auto,34,0.04933841432599866,0.09224431135098007,284,0,71.2,201,0.0004810618653815861
gru_baseline,private_passenger_auto,35,0.04811570638136582,0.08722458858060579,284,0,71.38,201,0.0004889991541858763
gru_baseline,private_passenger_auto,36,0.05170513251324772,0.09205430677504563,284,0,71.64,201,0.000484952450885127
gru_baseline,private_passenger_auto,37,0.05072319997481553,0.09187101695639664,284,0,71.61,201,0.0004900745439550115
gru_baseline,private_passenger_auto,38,0.049439826180361704,0.08741652088867097,284,0,71.3,201,0.00048069066542666405
gru_baseline,private_passenger_auto,39,0.04942156949243179,0.09063726482815573,284,0,71.44,201,0.0004703936703865313
gru_baseline,private_passenger_auto,40,0.05065363882580743,0.08907427676674783,284,0,77.92,201,0.0004918694159843855
gru_baseline,private_passenger_auto,41,0.05650508582816384,0.09928774854913318,284,0,76.97,201,0.0004903324265291707
gru_baseline,private_passenger_auto,42,0.054706658380745496,0.09783295740554378,284,0,76.16,201,0.00047989076119847596
gru_baseline,private_passenger_auto,43,0.04865236134769756,0.08765012464117915,284,0,75.96,201,0.000481923034789765
gru_baseline,private_passenger_auto,44,0.0544589100016624,0.09772773210305866,284,0,71.33,201,0.0004907083154345552
gru_baseline,private_passenger_auto,45,0.05278167769016469,0.0927876803975791,284,0,76.49,201,0.0004879586566756997
gru_baseline,private_passenger_auto,46,0.04760148169167647,0.08777317227052966,284,0,136.97,201,0.00048741076251543645
gru_baseline,private_passenger_auto,47,0.04920712637524252,0.087367591513389,284,0,142.84,201,0.0004938694053433008
gru_baseline,private_passenger_auto,48,0.05103302572566219,0.09380982542149764,284,0,77.39,201,0.0004945846772494002
gru_baseline,private_passenger_auto,49,0.05212178138956225,0.09769098379093616,284,0,98.22,201,0.0004859477954192294
gru_baseline,workers_compensation,0,0.10175409354554284,0.2047890899851098,234,0,117.06,202,0.0011169847067711608
gru_baseline,workers_compensation,1,0.09627523967336604,0.16945653731770163,234,0,116.96,202,0.0011605689651332796
gru_baseline,workers_compensation,2,0.0967628549391029,0.1689178806242185,234,0,120.27,202,0.0011299793758163495
gru_baseline,workers_compensation,3,0.09867545420084563,0.2274741651214245,234,0,125.84,202,0.0011581660198446894
gru_baseline,workers_compensation,4,0.09521292364140292,0.20017089853605669,234,0,126.36,202,0.0011410475126467645
gru_baseline,workers_compensation,5,0.09714328103957406,0.15968865031510754,234,0,88.53,202,0.0011459222296252847
gru_baseline,workers_compensation,6,0.10141186203807581,0.23413025724908482,234,0,48.57,202,0.0011286144227986889
gru_baseline,workers_compensation,7,0.0964531334996561,0.17128376239984927,234,0,48.81,202,0.0011330551101959177
gru_baseline,workers_compensation,8,0.10033667179826002,0.18863805210612328,234,0,53.84,202,0.001094442035537213
gru_baseline,workers_compensation,9,0.10030098223437449,0.19881345332748382,234,0,81.89,202,0.0011533870461529919
gru_baseline,workers_compensation,10,0.10413168932473015,0.2071079188380774,234,0,123.79,202,0.0011348295790542448
gru_baseline,workers_compensation,11,0.09614525947230147,0.15995647590113277,234,0,123.37,202,0.0011664488036850734
gru_baseline,workers_compensation,12,0.10107900883944264,0.18789185550018314,234,0,93.46,202,0.0011585842169422125
gru_baseline,workers_compensation,13,0.09366982621154363,0.1625279396278541,234,0,54.58,202,0.001145860438035535
gru_baseline,workers_compensation,14,0.10213598102376979,0.19214414030864851,234,0,62.25,202,0.0011445174791983195
gru_baseline,workers_compensation,15,0.09424880925683572,0.17115941298040638,234,0,62.57,202,0.001164407835208944
gru_baseline,workers_compensation,16,0.08736829557298206,0.2038627642613456,234,0,60.13,228,0.0011475053033791482
gru_baseline,workers_compensation,17,0.10408408890505813,0.24836496123537705,234,0,62.42,202,0.0011320410662197641
gru_baseline,workers_compensation,18,0.09780358394076404,0.1871728248317298,234,0,63.28,202,0.001127346676574754
gru_baseline,workers_compensation,19,0.10188314810071518,0.20716252403144542,234,0,79.78,202,0.0011718875030055642
gru_baseline,workers_compensation,20,0.0892062930481425,0.16292368491814258,234,0,60.88,202,0.0011880677110249443
gru_baseline,workers_compensation,21,0.09834373920191875,0.18302084914764985,234,0,52.6,202,0.001142502429762057
gru_baseline,workers_compensation,22,0.09534716693877134,0.1798287067063382,234,0,53.38,202,0.0011319343715773097
gru_baseline,workers_compensation,23,0.10387321112166019,0.22170298851415715,234,0,53.26,202,0.0011234858372647847
gru_baseline,workers_compensation,24,0.09776650018782618,0.16767061075255218,234,0,83.18,202,0.0011726309146199907
gru_baseline,workers_compensation,25,0.10078783512185457,0.2444617149760757,234,0,117.45,202,0.0011528246354178659
gru_baseline,workers_compensation,26,0.10413500133145348,0.20069134796984878,234,1,119.58,202,0.001131406195262181
gru_baseline,workers_compensation,27,0.10026493127309989,0.18231847661926545,234,0,118.85,202,0.0011454290943220258
gru_baseline,workers_compensation,28,0.10367064132580986,0.19929784640140596,234,0,101.05,202,0.0011549399932846427
gru_baseline,workers_compensation,29,0.08626047283306612,0.16725753055013673,234,0,56.02,212,0.0011512537603266537
gru_baseline,workers_compensation,30,0.09961395639387244,0.22150243094245742,234,0,53.17,202,0.0011211902767952
gru_baseline,workers_compensation,31,0.09390928965818689,0.16744605315742547,234,0,52.62,202,0.001174507654338543
gru_baseline,workers_compensation,32,0.09919470030983749,0.17036217044319837,234,1,61.8,202,0.0011608466406219772
gru_baseline,workers_compensation,33,0.1049779062796482,0.21304202318584128,234,0,61.53,202,0.0011510467821998255
gru_baseline,workers_compensation,34,0.1073478905947436,0.23310787880869605,234,0,61.68,202,0.001144068390463612
gru_baseline,workers_compensation,35,0.10013279145119416,0.18439081081864675,234,0,60.66,202,0.0011336298526397773
gru_baseline,workers_compensation,36,0.10177259551946242,0.23570177384626753,234,0,52.55,202,0.0011436202496822392
gru_baseline,workers_compensation,37,0.09206163419902708,0.20857133579399983,234,0,68.49,264,0.001125801554215806
gru_baseline,workers_compensation,38,0.09971374569418716,0.17977479604030716,234,0,52.55,202,0.0011366829026623496
gru_baseline,workers_compensation,39,0.09407615808830772,0.18097760216806877,234,0,56.87,202,0.00112627272028476
gru_baseline,workers_compensation,40,0.09996684626137682,0.20042967236353657,234,0,62.56,202,0.0011461529398470052
gru_baseline,workers_compensation,41,0.08749154794577185,0.18316081690605407,234,0,67.29,214,0.0011626415985769459
gru_baseline,workers_compensation,42,0.09905717603196931,0.1799929002530305,234,0,74.07,202,0.0011446629318275622
gru_baseline,workers_compensation,43,0.09695419320197521,0.16363282509721244,234,0,115.32,202,0.0011635274526530079
gru_baseline,workers_compensation,44,0.09097612938568471,0.19910462633948114,234,0,115.23,202,0.0011412761190773121
gru_baseline,workers_compensation,45,0.09515413754881498,0.23290911939061915,234,0,59.26,216,0.0011666279169730842
gru_baseline,workers_compensation,46,0.10543678462794549,0.18793578570722697,234,0,62.59,202,0.0011203506396019033
gru_baseline,workers_compensation,47,0.1004541231168288,0.1693689570330041,234,0,62.84,202,0.0011410060854229545
gru_baseline,workers_compensation,48,0.09856354921823454,0.2036141876452646,234,0,63.27,202,0.0011715724249370396
gru_baseline,workers_compensation,49,0.0971610646876383,0.17547160547378396,234,0,63.55,202,0.00114224710601515
gru_attention,private_passenger_auto,0,0.16484432457406684,0.272349480981291,284,0,93.29,201,0.007078927010297775
gru_attention,private_passenger_auto,1,0.16484432457406684,0.272349480981291,284,0,77.23,201,0.007078927010297775
gru_attention,private_passenger_auto,2,0.04387435346915172,0.08290766503373363,284,0,80.84,211,0.00048670345374072593
gru_attention,private_passenger_auto,3,0.11020744296895717,0.17348998638359814,284,0,169.16,366,0.00046333290002722706
gru_attention,private_passenger_auto,4,0.16484432457406684,0.272349480981291,284,0,100.3,201,0.007078927010297775
gru_attention,private_passenger_auto,5,0.05996777936481934,0.10228470312050884,284,0,147.14,305,0.00048651733797871403
gru_attention,private_passenger_auto,6,0.16484432457406684,0.272349480981291,284,0,77.55,201,0.007078927010297775
gru_attention,private_passenger_auto,7,0.09841507273550236,0.1604672323674434,284,0,92.15,240,0.004188792624821265
gru_attention,private_passenger_auto,8,0.04593311752295489,0.08907533819774795,284,0,106.03,275,0.000506673034073578
gru_attention,private_passenger_auto,9,0.12515886809954616,0.19562471396226833,284,0,90.17,235,0.0004775699053425342
gru_attention,private_passenger_auto,10,0.04717009727787246,0.09413362191843372,284,0,98.66,257,0.0004881293247712569
gru_attention,private_passenger_auto,11,0.16484432457406684,0.272349480981291,284,0,77.05,201,0.007078927010297775
gru_attention,private_passenger_auto,12,0.16484432457406684,0.272349480981291,284,0,80.88,211,0.003408817005240255
gru_attention,private_passenger_auto,13,0.16484432457406684,0.272349480981291,284,0,77.34,201,0.007078927010297775
gru_attention,private_passenger_auto,14,0.041191453424356726,0.07800859974260467,284,0,102.42,252,0.000497740179222698
gru_attention,private_passenger_auto,15,0.16484432457406684,0.272349480981291,284,0,121.96,201,0.007078927010297775
gru_attention,private_passenger_auto,16,0.16484432457406684,0.272349480981291,284,0,194.88,201,0.007078927010297775
gru_attention,private_passenger_auto,17,0.16484432457406684,0.272349480981291,284,0,193.42,201,0.007078927010297775
gru_attention,private_passenger_auto,18,0.16484432457406684,0.272349480981291,284,0,194.69,207,0.0033854685930742156
gru_attention,private_passenger_auto,19,0.16484432457406684,0.272349480981291,284,0,142.21,201,0.007078927010297775
gru_attention,private_passenger_auto,20,0.0552665751589694,0.09702304998585465,284,0,107.89,223,0.0005371996958274394
gru_attention,private_passenger_auto,21,0.16484432457406684,0.272349480981291,284,0,102.64,212,0.0034051175074030957
gru_attention,private_passenger_auto,22,0.09999411832670124,0.15907455281378083,284,0,103.01,214,0.0005281840147088385
gru_attention,private_passenger_auto,23,0.06075078555605291,0.10183186156244753,284,0,106.43,220,0.0004852667981241312
gru_attention,private_passenger_auto,24,0.16484432457406684,0.272349480981291,284,0,185.46,201,0.007078927010297775
gru_attention,private_passenger_auto,25,0.16484432457406684,0.272349480981291,284,0,190.28,201,0.007078927010297775
gru_attention,private_passenger_auto,26,0.07468418910165646,0.12094694014304819,284,0,204.11,215,0.00048653487141968473
gru_attention,private_passenger_auto,27,0.11932659437650558,0.18867586306784442,284,0,188.12,234,0.00047582579201035615
gru_attention,private_passenger_auto,28,0.11635428765776953,0.1804283103584867,284,0,92.5,227,0.0004883339829070286
gru_attention,private_passenger_auto,29,0.16484432457406684,0.272349480981291,284,0,100.03,201,0.007078927010297775
gru_attention,private_passenger_auto,30,0.16484432457406684,0.272349480981291,284,0,100.55,201,0.007078927010297775
gru_attention,private_passenger_auto,31,0.16484432457406684,0.272349480981291,284,0,84.71,201,0.007078927010297775
gru_attention,private_passenger_auto,32,0.11472825627688163,0.1770333256268986,284,0,118.37,244,0.0004712060229697575
gru_attention,private_passenger_auto,33,0.12405906888817167,0.19351031194657747,284,0,181.85,396,0.0006407797013202475
gru_attention,private_passenger_auto,34,0.04231744692294694,0.08055083952228416,284,0,98.58,257,0.0004945674607168055
gru_attention,private_passenger_auto,35,0.16484432457406684,0.272349480981291,284,0,77.62,201,0.007078927010297775
gru_attention,private_passenger_auto,36,0.16484432457406684,0.272349480981291,284,0,77.52,201,0.007078927010297775
gru_attention,private_passenger_auto,37,0.16484432457406684,0.272349480981291,284,0,77.18,201,0.007078927010297775
gru_attention,private_passenger_auto,38,0.16484432457406684,0.272349480981291,284,0,79.1,201,0.007078927010297775
gru_attention,private_passenger_auto,39,0.04906090034220529,0.09473388802880814,284,0,103.84,255,0.0004849648943895267
gru_attention,private_passenger_auto,40,0.16484432457406684,0.272349480981291,284,0,82.67,201,0.007078927010297775
gru_attention,private_passenger_auto,41,0.08518095998570517,0.13852873889811473,284,0,160.89,205,0.004187314305454493
gru_attention,private_passenger_auto,42,0.04434759186773137,0.08789846174819466,284,0,133.04,262,0.00048621171542132896
gru_attention,private_passenger_auto,43,0.16484432457406684,0.272349480981291,284,0,170.94,201,0.007078927010297775
gru_attention,private_passenger_auto,44,0.16484432457406684,0.272349480981291,284,0,195.12,201,0.007078927010297775
gru_attention,private_passenger_auto,45,0.16484432457406684,0.272349480981291,284,0,166.14,201,0.007078927010297775
gru_attention,private_passenger_auto,46,0.16484432457406684,0.272349480981291,284,0,84.38,201,0.007078927010297775
gru_attention,private_passenger_auto,47,0.038499144194662986,0.07369998855284084,284,0,250.85,286,0.000509937765956339
gru_attention,private_passenger_auto,48,0.04420218651265069,0.082608668787892,284,0,149.29,235,0.0004875704891876214
gru_attention,private_passenger_auto,49,0.11096509189138594,0.17454107115927345,284,0,211.81,239,0.0005001300596632063
gru_attention,workers_compensation,0,0.24938916749720977,0.35645206619428993,234,0,115.62,201,0.022679596607174193
gru_attention,workers_compensation,1,0.24938916749720977,0.35645206619428993,234,0,66.75,201,0.022679596607174193
gru_attention,workers_compensation,2,0.09900694023585876,0.1833375844308519,234,0,70.65,213,0.0011664277408272028
gru_attention,workers_compensation,3,0.24938916749720977,0.35645206619428993,234,0,76.98,201,0.022679596607174193
gru_attention,workers_compensation,4,0.1490067596176799,0.20630637291005974,234,0,275.09,427,0.001179965986271522
gru_attention,workers_compensation,5,0.24938916749720977,0.35645206619428993,234,0,132.62,205,0.0037851580751261543
gru_attention,workers_compensation,6,0.13673319757058272,0.19234231095888962,234,0,211.51,326,0.020031411200761795
gru_attention,workers_compensation,7,0.15906729999988453,0.22218274992815676,234,0,180.24,376,0.0011541898295815503
gru_attention,workers_compensation,8,0.08936909903401555,0.20925528508364102,234,0,106.33,374,0.0012656441540457308
gru_attention,workers_compensation,9,0.24938916749720977,0.35645206619428993,234,0,65.06,206,0.0038623996411583255
gru_attention,workers_compensation,10,0.1771104475378599,0.2686790039266377,234,0,70.38,223,0.0011538244600939964
gru_attention,workers_compensation,11,0.24938916749720977,0.35645206619428993,234,0,58.19,201,0.022679596607174193
gru_attention,workers_compensation,12,0.24938916749720977,0.35645206619428993,234,0,58.29,203,0.0038411698104547603
gru_attention,workers_compensation,13,0.0831455573140806,0.17207650953657072,234,0,83.58,294,0.0012569804260108089
gru_attention,workers_compensation,14,0.08969608175395606,0.1457681239246364,234,0,59.87,219,0.0012108726742943482
gru_attention,workers_compensation,15,0.11844571049689631,0.18535510515524262,234,0,121.22,400,0.0011748881245564138
gru_attention,workers_compensation,16,0.10716517140643746,0.17725901327316243,234,0,130.31,382,0.0011603151547855564
gru_attention,workers_compensation,17,0.24938916749720977,0.35645206619428993,234,0,55.78,201,0.022679596607174193
gru_attention,workers_compensation,18,0.24938916749720977,0.35645206619428993,234,0,54.03,205,0.0038441527701382127
gru_attention,workers_compensation,19,0.24938916749720977,0.35645206619428993,234,0,66.49,201,0.022679596607174193
gru_attention,workers_compensation,20,0.14717925987694302,0.2033608579700434,234,0,71.59,216,0.0011902351980097592
gru_attention,workers_compensation,21,0.24938916749720977,0.35645206619428993,234,0,66.22,210,0.0038598202102418456
gru_attention,workers_compensation,22,0.17108832430590745,0.23421976105674236,234,0,85.43,256,0.0011400350319620753
gru_attention,workers_compensation,23,0.18366833244550942,0.26883931459100535,234,0,97.06,218,0.0011221840977668762
gru_attention,workers_compensation,24,0.1264087504677621,0.20026435086542896,234,0,103.18,285,0.0011583867599256337
gru_attention,workers_compensation,25,0.19542756554222382,0.27156573750279595,234,0,114.77,298,0.0011360529627251839
gru_attention,workers_compensation,26,0.1658074558883396,0.2356675037082668,234,0,111.57,230,0.0011333644839136728
gru_attention,workers_compensation,27,0.14861302782014155,0.21927274280052417,234,0,144.53,228,0.0011695193575828203
gru_attention,workers_compensation,28,0.13174862053887407,0.19922001811429413,234,0,137.04,289,0.0011579538279745197
gru_attention,workers_compensation,29,0.24938916749720977,0.35645206619428993,234,0,124.22,201,0.022679596607174193
gru_attention,workers_compensation,30,0.24938916749720977,0.35645206619428993,234,0,61.8,217,0.003860236212079014
gru_attention,workers_compensation,31,0.24938916749720977,0.35645206619428993,234,0,57.33,219,0.0037864520147975
gru_attention,workers_compensation,32,0.24938916749720977,0.35645206619428993,234,0,63.77,217,0.00381147741739239
gru_attention,workers_compensation,33,0.20146552015216018,0.2763734250596781,234,0,70.57,245,0.0011465754193652952
gru_attention,workers_compensation,34,0.24938916749720977,0.35645206619428993,234,0,57.84,201,0.022679596607174193
gru_attention,workers_compensation,35,0.24938916749720977,0.35645206619428993,234,0,63.7,217,0.0038410530957792488
gru_attention,workers_compensation,36,0.24938916749720977,0.35645206619428993,234,0,59.38,205,0.0038168098711009535
gru_attention,workers_compensation,37,0.24938916749720977,0.35645206619428993,234,0,53.16,201,0.022679596607174193
gru_attention,workers_compensation,38,0.24938916749720977,0.35645206619428993,234,0,59.31,206,0.00380122332301523
gru_attention,workers_compensation,39,0.12061029851849939,0.20754819176903888,234,0,76.87,257,0.0012088217938851034
gru_attention,workers_compensation,40,0.16986110451433287,0.2330412010187441,234,0,70.25,243,0.0012187396475513066
gru_attention,workers_compensation,41,0.09222755813748304,0.24586517149700357,234,0,67.88,234,0.001131180823514504
gru_attention,workers_compensation,42,0.09089238374320803,0.15991390587410337,234,0,67.09,235,0.0011369811005092093
gru_attention,workers_compensation,43,0.24938916749720977,0.35645206619428993,234,0,112.3,367,0.003991889700825725
gru_attention,workers_compensation,44,0.1049412233671033,0.18634983574237243,234,0,83.97,293,0.0011175365652889013
gru_attention,workers_compensation,45,0.08525994266003203,0.18621273783156178,234,0,63.76,242,0.0011713417646076
gru_attention,workers_compensation,46,0.24938916749720977,0.35645206619428993,234,0,61.09,232,0.003800277332110064
gru_attention,workers_compensation,47,0.24938916749720977,0.35645206619428993,234,0,68.95,237,0.003825369091438396
gru_attention,workers_compensation,48,0.08542917774387565,0.18740203297746708,234,0,149.74,252,0.0011876165351298238
gru_attention,workers_compensation,49,0.17458618809785367,0.23960708868242567,234,0,84.17,222,0.0011947261435644968
gru_attention_unmasked,private_passenger_auto,0,0.04410758554311329,0.08234817465421156,284,0,179.97,228,0.00048796869749720726
gru_attention_unmasked,private_passenger_auto,1,0.16484432457406684,0.272349480981291,284,0,79.05,201,0.007078927010297775
gru_attention_unmasked,private_passenger_auto,2,0.16484432457406684,0.272349480981291,284,0,77.4,201,0.007078927010297775
gru_attention_unmasked,private_passenger_auto,3,0.16484432457406684,0.272349480981291,284,0,90.6,201,0.007078927010297775
gru_attention_unmasked,private_passenger_auto,4,0.16484432457406684,0.272349480981291,284,0,82.88,201,0.007078927010297775
gru_attention_unmasked,private_passenger_auto,5,0.16484432457406684,0.272349480981291,284,0,96.49,204,0.0033965372842633063
gru_attention_unmasked,private_passenger_auto,6,0.16484432457406684,0.272349480981291,284,0,95.05,201,0.007078927010297775
gru_attention_unmasked,private_passenger_auto,7,0.16484432457406684,0.272349480981291,284,0,94.52,201,0.007078927010297775
gru_attention_unmasked,private_passenger_auto,8,0.059937962828648134,0.10537788877846789,284,0,109.15,235,0.0005297641425083081
gru_attention_unmasked,private_passenger_auto,9,0.09236138245285337,0.15148539551132392,284,0,212.77,239,0.000510200586480399
gru_attention_unmasked,private_passenger_auto,10,0.06441486940699949,0.11256075186328568,284,0,190.76,208,0.0004999087509026544
gru_attention_unmasked,private_passenger_auto,11,0.16484432457406684,0.272349480981291,284,0,184.16,201,0.007078927010297775
gru_attention_unmasked,private_passenger_auto,12,0.16484432457406684,0.272349480981291,284,0,226.36,247,0.00347799900919199
gru_attention_unmasked,private_passenger_auto,13,0.16484432457406684,0.272349480981291,284,0,300.9,328,0.0034981113082418838
gru_attention_unmasked,private_passenger_auto,14,0.05565738994582522,0.10177339194208995,284,0,203.57,220,0.0005161200307257888
gru_attention_unmasked,private_passenger_auto,15,0.16484432457406684,0.272349480981291,284,0,184.89,201,0.007078927010297775
gru_attention_unmasked,private_passenger_auto,16,0.16484432457406684,0.272349480981291,284,0,184.19,201,0.007078927010297775
gru_attention_unmasked,private_passenger_auto,17,0.16484432457406684,0.272349480981291,284,0,184.4,201,0.007078927010297775
gru_attention_unmasked,private_passenger_auto,18,0.16484432457406684,0.272349480981291,284,0,184.13,201,0.007078927010297775
gru_attention_unmasked,private_passenger_auto,19,0.16484432457406684,0.272349480981291,284,0,177.48,201,0.007078927010297775
gru_attention_unmasked,private_passenger_auto,20,0.16484432457406684,0.272349480981291,284,0,171.62,201,0.007078927010297775
gru_attention_unmasked,private_passenger_auto,21,0.16484432457406684,0.272349480981291,284,0,171.49,201,0.007078927010297775
gru_attention_unmasked,private_passenger_auto,22,0.04421707578346547,0.0851897290862249,284,0,207.39,243,0.0005390812034925653
gru_attention_unmasked,private_passenger_auto,23,0.047960407530410046,0.08587449337934795,284,0,194.92,212,0.0005111747628284825
gru_attention_unmasked,private_passenger_auto,24,0.0503940525994233,0.09421619378503569,284,0,400.41,433,0.0006540700301734938
gru_attention_unmasked,private_passenger_auto,25,0.16484432457406684,0.272349480981291,284,0,184.67,201,0.007078927010297775
gru_attention_unmasked,private_passenger_auto,26,0.06846867655108414,0.12088478702707053,284,0,199.99,217,0.0005073167105567538
gru_attention_unmasked,private_passenger_auto,27,0.04607751178683692,0.08495949190550765,284,0,167.49,232,0.0005238192130087151
gru_attention_unmasked,private_passenger_auto,28,0.07210360708089096,0.11936321714865888,284,0,101.72,224,0.0005160975981400245
gru_attention_unmasked,private_passenger_auto,29,0.16484432457406684,0.272349480981291,284,0,85.93,201,0.007078927010297775
gru_attention_unmasked,private_passenger_auto,30,0.16484432457406684,0.272349480981291,284,0,95.53,219,0.003408358794533544
gru_attention_unmasked,private_passenger_auto,31,0.16484432457406684,0.272349480981291,284,0,94.01,201,0.007078927010297775
gru_attention_unmasked,private_passenger_auto,32,0.16484432457406684,0.272349480981291,284,0,146.4,201,0.007078927010297775
gru_attention_unmasked,private_passenger_auto,33,0.16484432457406684,0.272349480981291,284,0,184.81,201,0.007078927010297775
gru_attention_unmasked,private_passenger_auto,34,0.16484432457406684,0.272349480981291,284,0,184.45,201,0.007078927010297775
gru_attention_unmasked,private_passenger_auto,35,0.08313188433934372,0.13389918042937857,284,0,260.3,291,0.0005220282020875149
gru_attention_unmasked,private_passenger_auto,36,0.16484432457406684,0.272349480981291,284,0,171.69,201,0.007078927010297775
gru_attention_unmasked,private_passenger_auto,37,0.16484432457406684,0.272349480981291,284,0,172.39,201,0.007078927010297775
gru_attention_unmasked,private_passenger_auto,38,0.16484432457406684,0.272349480981291,284,0,184.84,201,0.007078927010297775
gru_attention_unmasked,private_passenger_auto,39,0.07962066985793767,0.14157658166239195,284,0,192.05,212,0.004189987175373567
gru_attention_unmasked,private_passenger_auto,40,0.07910651108474645,0.132683313510157,284,0,218.55,237,0.004202409595665004
gru_attention_unmasked,private_passenger_auto,41,0.08781960270388746,0.1485166658134684,284,0,179.25,206,0.004186742369913393
gru_attention_unmasked,private_passenger_auto,42,0.12389836953643646,0.19836645277364978,284,0,101.65,204,0.004201340799530347
gru_attention_unmasked,private_passenger_auto,43,0.16484432457406684,0.272349480981291,284,0,74.75,201,0.007078927010297775
gru_attention_unmasked,private_passenger_auto,44,0.16484432457406684,0.272349480981291,284,0,120.33,201,0.007078927010297775
gru_attention_unmasked,private_passenger_auto,45,0.16484432457406684,0.272349480981291,284,0,173.52,201,0.007078927010297775
gru_attention_unmasked,private_passenger_auto,46,0.16484432457406684,0.272349480981291,284,0,175.91,204,0.0033899619916660916
gru_attention_unmasked,private_passenger_auto,47,0.16484432457406684,0.272349480981291,284,0,173.28,201,0.007078927010297775
gru_attention_unmasked,private_passenger_auto,48,0.16484432457406684,0.272349480981291,284,0,151.03,201,0.007078927010297775
gru_attention_unmasked,private_passenger_auto,49,0.08010189830847939,0.13651693222521588,284,0,105.85,224,0.0005324330607739588
gru_attention_unmasked,workers_compensation,0,0.24938916749720977,0.35645206619428993,234,0,65.09,201,0.022679596607174193
gru_attention_unmasked,workers_compensation,1,0.24938916749720977,0.35645206619428993,234,0,65.01,201,0.022679596607174193
gru_attention_unmasked,workers_compensation,2,0.24938916749720977,0.35645206619428993,234,0,52.03,201,0.022679596607174193
gru_attention_unmasked,workers_compensation,3,0.24938916749720977,0.35645206619428993,234,0,64.75,212,0.003850484566230859
gru_attention_unmasked,workers_compensation,4,0.09123275952925576,0.18770612460007718,234,0,88.27,274,0.0011836686005283678
gru_attention_unmasked,workers_compensation,5,0.13060490901761257,0.2565930859513487,234,0,76.18,233,0.0012387105879107757
gru_attention_unmasked,workers_compensation,6,0.10608142684848854,0.22305709587398667,234,0,78.26,241,0.02001621707209519
gru_attention_unmasked,workers_compensation,7,0.24938916749720977,0.35645206619428993,234,0,54.97,201,0.022679596607174193
gru_attention_unmasked,workers_compensation,8,0.24938916749720977,0.35645206619428993,234,0,50.92,201,0.022679596607174193
gru_attention_unmasked,workers_compensation,9,0.1522112916189008,0.234720993171465,234,0,55.27,218,0.0012369495234452188
gru_attention_unmasked,workers_compensation,10,0.16810165446460099,0.2273309941550435,234,0,104.39,321,0.00126022201896246
gru_attention_unmasked,workers_compensation,11,0.24938916749720977,0.35645206619428993,234,0,65.76,201,0.022679596607174193
gru_attention_unmasked,workers_compensation,12,0.24938916749720977,0.35645206619428993,234,0,61.31,219,0.0038954481881644043
gru_attention_unmasked,workers_compensation,13,0.09227293392458064,0.16634370884233438,234,0,59.61,235,0.0011942637668523406
gru_attention_unmasked,workers_compensation,14,0.0927047411169385,0.1963762796097376,234,0,81.46,250,0.0012350533922602022
gru_attention_unmasked,workers_compensation,15,0.24938916749720977,0.35645206619428993,234,0,68.61,211,0.0038882896437176634
gru_attention_unmasked,workers_compensation,16,0.24938916749720977,0.35645206619428993,234,0,66.02,201,0.022679596607174193
gru_attention_unmasked,workers_compensation,17,0.08763741202467173,0.1937863901046053,234,0,102.65,340,0.0012180580857342907
gru_attention_unmasked,workers_compensation,18,0.24938916749720977,0.35645206619428993,234,0,59.25,234,0.0038803580682724714
gru_attention_unmasked,workers_compensation,19,0.24938916749720977,0.35645206619428993,234,0,99.8,394,0.003962891808311854
gru_attention_unmasked,workers_compensation,20,0.175117025862782,0.2381638152468204,234,0,127.45,430,0.0012503053627109953
gru_attention_unmasked,workers_compensation,21,0.24938916749720977,0.35645206619428993,234,0,59.08,201,0.022679596607174193
gru_attention_unmasked,workers_compensation,22,0.09762071552975787,0.18920132011547042,234,0,70.29,231,0.0012328776065260172
gru_attention_unmasked,workers_compensation,23,0.09804231279355598,0.20813950039905318,234,0,71.12,220,0.0011809378296935133
gru_attention_unmasked,workers_compensation,24,0.11788696586308423,0.30142286117055134,234,0,69.13,212,0.001180354697031102
gru_attention_unmasked,workers_compensation,25,0.24938916749720977,0.35645206619428993,234,0,68.26,212,0.003832555974700621
gru_attention_unmasked,workers_compensation,26,0.08740173538590486,0.18705438631384338,234,0,103.96,323,0.00118385352626709
gru_attention_unmasked,workers_compensation,27,0.11514145826660199,0.2261341416870158,234,0,67.21,208,0.001192764861376158
gru_attention_unmasked,workers_compensation,28,0.11549151514288172,0.21647377090010864,234,0,90.16,281,0.0012057034431823663
gru_attention_unmasked,workers_compensation,29,0.24938916749720977,0.35645206619428993,234,0,60.75,201,0.022679596607174193
gru_attention_unmasked,workers_compensation,30,0.09825797370797361,0.20012002882844207,234,0,72.77,225,0.0012084192879098868
gru_attention_unmasked,workers_compensation,31,0.24938916749720977,0.35645206619428993,234,0,67.02,205,0.0037973160589379923
gru_attention_unmasked,workers_compensation,32,0.08725759684598082,0.1988336884055462,234,0,66.95,265,0.00115488756481292
gru_attention_unmasked,workers_compensation,33,0.14320834897324916,0.24012267180670488,234,0,60.38,223,0.0011895620679881955
gru_attention_unmasked,workers_compensation,34,0.24938916749720977,0.35645206619428993,234,0,62.37,201,0.022679596607174193
gru_attention_unmasked,workers_compensation,35,0.1058026276228602,0.23747214508020278,234,0,68.31,211,0.001132388657424599
gru_attention_unmasked,workers_compensation,36,0.11879102495025039,0.19589197662281724,234,0,82.46,254,0.0011025265474537654
gru_attention_unmasked,workers_compensation,37,0.24938916749720977,0.35645206619428993,234,0,66.91,206,0.003838256733225925
gru_attention_unmasked,workers_compensation,38,0.24938916749720977,0.35645206619428993,234,0,77.09,235,0.0038288901892623733
gru_attention_unmasked,workers_compensation,39,0.10080716618418682,0.19449457169375456,234,0,75.54,229,0.0012154742144048214
gru_attention_unmasked,workers_compensation,40,0.09232423404710376,0.17208512861916175,234,0,81.47,247,0.001228264915490789
gru_attention_unmasked,workers_compensation,41,0.24938916749720977,0.35645206619428993,234,0,74.51,226,0.0038622816292835133
gru_attention_unmasked,workers_compensation,42,0.08386698468391242,0.1689788803690159,234,0,95.89,355,0.0012142871024220117
gru_attention_unmasked,workers_compensation,43,0.24938916749720977,0.35645206619428993,234,0,86.52,266,0.003881914108725531
gru_attention_unmasked,workers_compensation,44,0.24938916749720977,0.35645206619428993,234,0,55.22,201,0.022679596607174193
gru_attention_unmasked,workers_compensation,45,0.10549969667428957,0.22239858858067904,234,0,61.48,242,0.001099890422275556
gru_attention_unmasked,workers_compensation,46,0.24938916749720977,0.35645206619428993,234,0,66.25,201,0.022679596607174193
gru_attention_unmasked,workers_compensation,47,0.24938916749720977,0.35645206619428993,234,0,65.77,201,0.022679596607174193
gru_attention_unmasked,workers_compensation,48,0.24938916749720977,0.35645206619428993,234,0,64.61,201,0.022679596607174193
gru_attention_unmasked,workers_compensation,49,0.10662322125407325,0.18233371697486317,234,0,55.72,213,0.0011537333983661874
