group_code,accident_year,test_lag,maturity_group,actual_ultimate,predicted_ultimate,pct_error,abs_pct_error,is_outlier
C10022,2002,9,mature,0.0,0.0,0.0,0.0,False
C10022,2003,8,mature,0.0,0.0,0.0,0.0,False
C10022,2004,7,mature,0.0,0.0,0.0,0.0,False
C10022,2005,6,mature,0.0,0.0,0.0,0.0,False
C10022,2006,5,mature,0.0,0.0,0.0,0.0,False
C10022,2007,4,immature,0.0,0.0,0.0,0.0,False
C10048,2002,9,mature,136.0,136.0,0.0,0.0,False
C10048,2003,8,mature,78.0,78.0,0.0,0.0,False
C10048,2004,7,mature,30.0,29.0,-0.03333333333333333,0.03333333333333333,False
C10048,2005,6,mature,151.0,116.0,-0.23178807947019867,0.23178807947019867,False
C10048,2006,5,mature,18.0,16.0,-0.1111111111111111,0.1111111111111111,False
C10048,2007,4,immature,256.0,246.0,-0.0390625,0.0390625,False
C10191,2002,9,mature,87470.0,87294.0,-0.0020121184406082086,0.0020121184406082086,False
C10191,2003,8,mature,80773.0,80911.0,0.0017084916989588105,0.0017084916989588105,False
C10191,2004,7,mature,69822.0,67919.0,-0.027255019907765462,0.027255019907765462,False
C10191,2005,6,mature,57563.0,54998.0,-0.04455987352987162,0.04455987352987162,False
C10191,2006,5,mature,61792.0,58594.0,-0.05175427239772139,0.05175427239772139,False
C10191,2007,4,immature,68082.0,61881.0,-0.09108134308627831,0.09108134308627831,False
C10385,2002,9,mature,32341.0,32183.0,-0.004885439534955629,0.004885439534955629,False
C10385,2003,8,mature,29070.0,28995.0,-0.0025799793601651187,0.0025799793601651187,False
C10385,2004,7,mature,35444.0,33797.0,-0.04646766730617312,0.04646766730617312,False
C10385,2005,6,mature,35919.0,34643.0,-0.03552437428658927,0.03552437428658927,False
C10385,2006,5,mature,36641.0,35716.0,-0.02524494418820447,0.02524494418820447,False
C10385,2007,4,immature,45843.0,43109.0,-0.059638330824771504,0.059638330824771504,False
C10520,2002,9,mature,7614.0,7526.0,-0.01155765694772787,0.01155765694772787,False
C10520,2003,8,mature,5753.0,5599.0,-0.02676864244741874,0.02676864244741874,False
C10520,2004,7,mature,3195.0,2752.0,-0.13865414710485133,0.13865414710485133,False
C10520,2005,6,mature,5370.0,4491.0,-0.16368715083798882,0.16368715083798882,False
C10520,2006,5,mature,8331.0,6872.0,-0.17512903613011643,0.17512903613011643,False
C10520,2007,4,immature,14661.0,10444.0,-0.2876338585362526,0.2876338585362526,False
C10659,2002,9,mature,29413.0,29114.0,-0.010165573045932071,0.010165573045932071,False
C10659,2003,8,mature,25813.0,25664.0,-0.005772285282609538,0.005772285282609538,False
C10659,2004,7,mature,32452.0,31781.0,-0.020676691729323307,0.020676691729323307,False
C10659,2005,6,mature,27155.0,26177.0,-0.036015466764868345,0.036015466764868345,False
C10659,2006,5,mature,16718.0,15592.0,-0.06735255413326953,0.06735255413326953,False
C10659,2007,4,immature,16084.0,14551.0,-0.09531211141507087,0.09531211141507087,False
C1066,2002,9,mature,11840.0,11778.0,-0.005236486486486487,0.005236486486486487,False
C1066,2003,8,mature,12388.0,12373.0,-0.0012108492089118502,0.0012108492089118502,False
C1066,2004,7,mature,11911.0,11535.0,-0.031567458651666526,0.031567458651666526,False
C1066,2005,6,mature,11628.0,10891.0,-0.06338149294805641,0.06338149294805641,False
C1066,2006,5,mature,13165.0,11159.0,-0.15237371819217624,0.15237371819217624,False
C1066,2007,4,immature,15465.0,12468.0,-0.19379243452958292,0.19379243452958292,False
C10699,2002,9,mature,32223.0,31858.0,-0.011327312789001644,0.011327312789001644,False
C10699,2003,8,mature,32178.0,31923.0,-0.007924669028528808,0.007924669028528808,False
C10699,2004,7,mature,20368.0,19843.0,-0.025775726630007857,0.025775726630007857,False
C10699,2005,6,mature,21391.0,21070.0,-0.015006311065401337,0.015006311065401337,False
C10699,2006,5,mature,23461.0,21162.0,-0.09799241294062487,0.09799241294062487,False
C10699,2007,4,immature,21974.0,21014.0,-0.04368799490306726,0.04368799490306726,False
C10781,2002,9,mature,22320.0,22450.0,0.005824372759856631,0.005824372759856631,False
C10781,2003,8,mature,29624.0,29105.0,-0.017519578719956793,0.017519578719956793,False
C10781,2004,7,mature,27068.0,25896.0,-0.04329835968671494,0.04329835968671494,False
C10781,2005,6,mature,25524.0,23763.0,-0.06899388810531265,0.06899388810531265,False
C10781,2006,5,mature,26227.0,22915.0,-0.12628207572349107,0.12628207572349107,False
C10781,2007,4,immature,35666.0,27558.0,-0.22733135198788762,0.22733135198788762,False
C10800,2002,9,mature,4433.0,4419.0,-0.003158132190390255,0.003158132190390255,False
C10800,2003,8,mature,5631.0,5600.0,-0.005505238856331024,0.005505238856331024,False
C10800,2004,7,mature,5679.0,5600.0,-0.013910899806303927,0.013910899806303927,False
C10800,2005,6,mature,6016.0,5678.0,-0.05618351063829787,0.05618351063829787,False
C10800,2006,5,mature,6352.0,5682.0,-0.10547858942065491,0.10547858942065491,False
C10800,2007,4,immature,6209.0,5182.0,-0.16540505717506845,0.16540505717506845,False
C10859,2002,9,mature,837.0,798.0,-0.04659498207885305,0.04659498207885305,False
C10859,2003,8,mature,1291.0,1291.0,0.0,0.0,False
C10859,2004,7,mature,1511.0,1513.0,0.0013236267372600927,0.0013236267372600927,False
C10859,2005,6,mature,2152.0,2139.0,-0.0060408921933085506,0.0060408921933085506,False
C10859,2006,5,mature,461.0,2488.0,4.396963123644252,4.396963123644252,False
C10859,2007,4,immature,3009.0,2459.0,-0.18278497839813893,0.18278497839813893,False
C11126,2002,9,mature,20742.0,20441.0,-0.014511618937421656,0.014511618937421656,False
C11126,2003,8,mature,11087.0,10325.0,-0.06872914223865789,0.06872914223865789,False
C11126,2004,7,mature,10966.0,10612.0,-0.03228159766551158,0.03228159766551158,False
C11126,2005,6,mature,16971.0,15280.0,-0.0996405633138884,0.0996405633138884,False
C11126,2006,5,mature,20478.0,18134.0,-0.11446430315460494,0.11446430315460494,False
C11126,2007,4,immature,23406.0,17537.0,-0.25074767153721267,0.25074767153721267,False
C11347,2002,9,mature,48000.0,47209.0,-0.016479166666666666,0.016479166666666666,False
C11347,2003,8,mature,48730.0,47112.0,-0.03320336548327519,0.03320336548327519,False
C11347,2004,7,mature,53810.0,50772.0,-0.05645790745214644,0.05645790745214644,False
C11347,2005,6,mature,55216.0,49441.0,-0.1045892494929006,0.1045892494929006,False
C11347,2006,5,mature,50577.0,46493.0,-0.08074816616248492,0.08074816616248492,False
C11347,2007,4,immature,60105.0,49973.0,-0.1685716662507279,0.1685716662507279,False
C11703,2002,9,mature,16600.0,16598.0,-0.00012048192771084337,0.00012048192771084337,False
C11703,2003,8,mature,12473.0,12407.0,-0.005291429487693418,0.005291429487693418,False
C11703,2004,7,mature,16263.0,16166.0,-0.005964459201869274,0.005964459201869274,False
C11703,2005,6,mature,14723.0,14436.0,-0.01949330978740746,0.01949330978740746,False
C11703,2006,5,mature,19408.0,18183.0,-0.06311830173124484,0.06311830173124484,False
C11703,2007,4,immature,19908.0,19400.0,-0.025517379947759693,0.025517379947759693,False
C12297,2002,9,mature,1316.0,1313.0,-0.0022796352583586625,0.0022796352583586625,False
C12297,2003,8,mature,892.0,878.0,-0.01569506726457399,0.01569506726457399,False
C12297,2004,7,mature,658.0,619.0,-0.05927051671732523,0.05927051671732523,False
C12297,2005,6,mature,467.0,446.0,-0.044967880085653104,0.044967880085653104,False
C12297,2006,5,mature,334.0,240.0,-0.281437125748503,0.281437125748503,False
C12297,2007,4,immature,215.0,170.0,-0.20930232558139536,0.20930232558139536,False
C1236,2005,6,mature,0.0,0.0,0.0,0.0,False
C13439,2002,9,mature,928.0,928.0,0.0,0.0,False
C13439,2003,8,mature,1248.0,1214.0,-0.027243589743589744,0.027243589743589744,False
C13439,2004,7,mature,1353.0,1311.0,-0.031042128603104215,0.031042128603104215,False
C13439,2005,6,mature,1376.0,1279.0,-0.07049418604651163,0.07049418604651163,False
C13439,2006,5,mature,1202.0,1090.0,-0.09317803660565724,0.09317803660565724,False
C13439,2007,4,immature,1214.0,1024.0,-0.15650741350906094,0.15650741350906094,False
C13501,2002,9,mature,2204.0,2177.0,-0.012250453720508167,0.012250453720508167,False
C13501,2003,8,mature,2198.0,2193.0,-0.0022747952684258415,0.0022747952684258415,False
C13501,2004,7,mature,1680.0,1677.0,-0.0017857142857142857,0.0017857142857142857,False
C13501,2005,6,mature,2880.0,2729.0,-0.05243055555555556,0.05243055555555556,False
C13501,2006,5,mature,2125.0,1891.0,-0.11011764705882353,0.11011764705882353,False
C13501,2007,4,immature,3200.0,2523.0,-0.2115625,0.2115625,False
C13528,2002,9,mature,8017.0,7978.0,-0.004864662591992017,0.004864662591992017,False
C13528,2003,8,mature,9847.0,9613.0,-0.023763582817101656,0.023763582817101656,False
C13528,2004,7,mature,8367.0,8263.0,-0.012429783673957213,0.012429783673957213,False
C13528,2005,6,mature,8754.0,8159.0,-0.06796892848983321,0.06796892848983321,False
C13528,2006,5,mature,10016.0,8995.0,-0.10193690095846646,0.10193690095846646,False
C13528,2007,4,immature,9752.0,9121.0,-0.06470467596390483,0.06470467596390483,False
C13943,2002,9,mature,-16.0,-16.0,0.0,0.0,False
C13943,2003,8,mature,198.0,196.0,-0.010101010101010102,0.010101010101010102,False
C13943,2004,7,mature,282.0,275.0,-0.024822695035460994,0.024822695035460994,False
C13943,2005,6,mature,194.0,151.0,-0.22164948453608246,0.22164948453608246,False
C13943,2006,5,mature,546.0,380.0,-0.304029304029304,0.304029304029304,False
C13943,2007,4,immature,480.0,384.0,-0.2,0.2,False
C13994,2002,9,mature,309.0,300.0,-0.02912621359223301,0.02912621359223301,False
C13994,2003,8,mature,14.0,14.0,0.0,0.0,False
C13994,2004,7,mature,5.0,4.0,-0.2,0.2,False
C13994,2005,6,mature,23.0,22.0,-0.043478260869565216,0.043478260869565216,False
C13994,2006,5,mature,8.0,8.0,0.0,0.0,False
C13994,2007,4,immature,11.0,10.0,-0.09090909090909091,0.09090909090909091,False
C14176,2002,9,mature,16728.0,16595.0,-0.007950741272118603,0.007950741272118603,False
C14176,2003,8,mature,16265.0,15903.0,-0.02225637872732862,0.02225637872732862,False
C14176,2004,7,mature,18048.0,17839.0,-0.011580230496453901,0.011580230496453901,False
C14176,2005,6,mature,27169.0,26495.0,-0.024807685229489493,0.024807685229489493,False
C14176,2006,5,mature,26290.0,25054.0,-0.04701407379231647,0.04701407379231647,False
C14176,2007,4,immature,31897.0,27822.0,-0.12775496128162522,0.12775496128162522,False
C14257,2002,9,mature,3846.0,3845.0,-0.00026001040041601667,0.00026001040041601667,False
C14257,2003,8,mature,4173.0,4200.0,0.006470165348670022,0.006470165348670022,False
C14257,2004,7,mature,5972.0,5899.0,-0.012223710649698594,0.012223710649698594,False
C14257,2005,6,mature,2407.0,2281.0,-0.052347320315745745,0.052347320315745745,False
C14257,2006,5,mature,2968.0,2930.0,-0.012803234501347708,0.012803234501347708,False
C14257,2007,4,immature,2434.0,2287.0,-0.06039441248972884,0.06039441248972884,False
C14370,2002,9,mature,777.0,777.0,0.0,0.0,False
C14370,2003,8,mature,567.0,567.0,0.0,0.0,False
C14370,2004,7,mature,236.0,236.0,0.0,0.0,False
C14370,2005,6,mature,191.0,191.0,0.0,0.0,False
C14370,2006,5,mature,538.0,538.0,0.0,0.0,False
C14370,2007,4,immature,582.0,530.0,-0.08934707903780069,0.08934707903780069,False
C14508,2002,9,mature,11275.0,11222.0,-0.0047006651884700665,0.0047006651884700665,False
C14508,2003,8,mature,12940.0,12685.0,-0.01970633693972179,0.01970633693972179,False
C14508,2004,7,mature,14014.0,13605.0,-0.029185100613672042,0.029185100613672042,False
C14508,2005,6,mature,11793.0,11098.0,-0.058933265496480966,0.058933265496480966,False
C14508,2006,5,mature,17612.0,15927.0,-0.09567340449693391,0.09567340449693391,False
C14508,2007,4,immature,18931.0,16893.0,-0.1076541123025725,0.1076541123025725,False
C14575,2002,9,mature,1032.0,1032.0,0.0,0.0,False
C14575,2003,8,mature,1651.0,1490.0,-0.09751665657177468,0.09751665657177468,False
C14575,2004,7,mature,1739.0,1622.0,-0.06728004600345026,0.06728004600345026,False
C14575,2005,6,mature,1163.0,1162.0,-0.0008598452278589854,0.0008598452278589854,False
C14575,2006,5,mature,676.0,676.0,0.0,0.0,False
C14575,2007,4,immature,1238.0,918.0,-0.25848142164781907,0.25848142164781907,False
C14974,2002,9,mature,5013.0,5006.0,-0.0013963694394574107,0.0013963694394574107,False
C14974,2003,8,mature,2661.0,2647.0,-0.005261180007515971,0.005261180007515971,False
C14974,2004,7,mature,3750.0,3674.0,-0.020266666666666665,0.020266666666666665,False
C14974,2005,6,mature,11396.0,11000.0,-0.03474903474903475,0.03474903474903475,False
C14974,2006,5,mature,6980.0,6679.0,-0.04312320916905444,0.04312320916905444,False
C14974,2007,4,immature,5182.0,4746.0,-0.08413739868776535,0.08413739868776535,False
C15024,2002,9,mature,0.0,0.0,0.0,0.0,False
C15024,2004,7,mature,0.0,0.0,0.0,0.0,False
C15024,2005,6,mature,0.0,0.0,0.0,0.0,False
C15024,2006,5,mature,0.0,0.0,0.0,0.0,False
C15024,2007,4,immature,0.0,0.0,0.0,0.0,False
C15148,2002,9,mature,60.0,60.0,0.0,0.0,False
C15148,2003,8,mature,75.0,75.0,0.0,0.0,False
C15148,2004,7,mature,14.0,14.0,0.0,0.0,False
C15148,2005,6,mature,15.0,15.0,0.0,0.0,False
C15148,2006,5,mature,16.0,16.0,0.0,0.0,False
C15148,2007,4,immature,24.0,24.0,0.0,0.0,False
C15199,2002,9,mature,99.0,99.0,0.0,0.0,False
C15199,2003,8,mature,234.0,234.0,0.0,0.0,False
C15199,2004,7,mature,1.0,1.0,0.0,0.0,False
C15199,2005,6,mature,18.0,18.0,0.0,0.0,False
C15199,2006,5,mature,1.0,1.0,0.0,0.0,False
C15199,2007,4,immature,1.0,1.0,0.0,0.0,False
C15334,2006,5,mature,297.0,301.7435773462057,0.015971640896315527,0.015971640896315527,False
C15334,2007,4,immature,1529.0,558.0,-0.6350555918901243,0.6350555918901243,False
C1538,2002,9,mature,23222.0,23166.0,-0.002411506330204117,0.002411506330204117,False
C1538,2003,8,mature,28744.0,28269.0,-0.016525187865293625,0.016525187865293625,False
C1538,2004,7,mature,32301.0,31367.0,-0.028915513451595924,0.028915513451595924,False
C1538,2005,6,mature,33521.0,31498.0,-0.06035022821514871,0.06035022821514871,False
C1538,2006,5,mature,41994.0,38652.0,-0.07958279754250608,0.07958279754250608,False
C1538,2007,4,immature,49652.0,41667.0,-0.16081930234431643,0.16081930234431643,False
C15792,2003,8,mature,0.0,0.0,0.0,0.0,False
C15792,2004,7,mature,0.0,0.0,0.0,0.0,False
C16446,2002,9,mature,1067.0,1041.0,-0.02436738519212746,0.02436738519212746,False
C16446,2003,8,mature,973.0,927.0,-0.047276464542651594,0.047276464542651594,False
C16446,2004,7,mature,1306.0,1208.0,-0.07503828483920368,0.07503828483920368,False
C16446,2005,6,mature,1034.0,975.0,-0.05705996131528046,0.05705996131528046,False
C16446,2006,5,mature,1635.0,1383.0,-0.15412844036697249,0.15412844036697249,False
C16446,2007,4,immature,1078.0,1207.0,0.11966604823747681,0.11966604823747681,False
C1767,2002,9,mature,157294.0,154485.0,-0.01785827812885425,0.01785827812885425,False
C1767,2003,8,mature,146679.0,142264.0,-0.030099741612637117,0.030099741612637117,False
C1767,2004,7,mature,154784.0,144565.0,-0.06602103576597064,0.06602103576597064,False
C1767,2005,6,mature,173328.0,151986.0,-0.12313071171420659,0.12313071171420659,False
C1767,2006,5,mature,181824.0,145987.0,-0.19709719288982752,0.19709719288982752,False
C1767,2007,4,immature,184198.0,137443.0,-0.25383011759085333,0.25383011759085333,False
C18309,2002,9,mature,937.0,934.0,-0.0032017075773745998,0.0032017075773745998,False
C18309,2003,8,mature,925.0,917.0,-0.008648648648648649,0.008648648648648649,False
C18309,2004,7,mature,294.0,287.0,-0.023809523809523808,0.023809523809523808,False
C18309,2005,6,mature,459.0,448.0,-0.023965141612200435,0.023965141612200435,False
C18309,2006,5,mature,634.0,620.0,-0.022082018927444796,0.022082018927444796,False
C18309,2007,4,immature,411.0,392.0,-0.046228710462287104,0.046228710462287104,False
C18380,2002,9,mature,451.0,451.0,0.0,0.0,False
C18380,2003,8,mature,581.0,581.0,0.0,0.0,False
C18380,2004,7,mature,774.0,756.0,-0.023255813953488372,0.023255813953488372,False
C18380,2005,6,mature,645.0,626.0,-0.02945736434108527,0.02945736434108527,False
C18380,2006,5,mature,452.0,452.0,0.0,0.0,False
C18380,2007,4,immature,302.0,302.0,0.0,0.0,False
C18538,2002,9,mature,1271.0,1271.0,0.0,0.0,False
C18538,2003,8,mature,5076.0,4927.0,-0.029353821907013397,0.029353821907013397,False
C18538,2004,7,mature,5628.0,5133.0,-0.08795309168443496,0.08795309168443496,False
C18767,2002,9,mature,26417.0,26219.0,-0.007495173562478707,0.007495173562478707,False
C18767,2003,8,mature,24975.0,24011.0,-0.0385985985985986,0.0385985985985986,False
C18767,2004,7,mature,28821.0,26611.0,-0.07668019846639602,0.07668019846639602,False
C18767,2005,6,mature,25947.0,23620.0,-0.08968281496897522,0.08968281496897522,False
C18767,2006,5,mature,34490.0,29439.0,-0.14644824586836763,0.14644824586836763,False
C18767,2007,4,immature,35768.0,29734.0,-0.16869827779020352,0.16869827779020352,False
C18791,2002,9,mature,13.0,13.0,0.0,0.0,False
C18791,2004,7,mature,0.0,0.0,0.0,0.0,False
C21172,2002,9,mature,9005.0,8927.0,-0.008661854525263742,0.008661854525263742,False
C21172,2003,8,mature,9512.0,9283.0,-0.02407485281749369,0.02407485281749369,False
C21172,2004,7,mature,11859.0,11322.0,-0.04528206425499621,0.04528206425499621,False
C21172,2005,6,mature,10908.0,10173.0,-0.06738173817381739,0.06738173817381739,False
C21172,2006,5,mature,9467.0,8152.0,-0.1389035597338122,0.1389035597338122,False
C21172,2007,4,immature,10546.0,8456.0,-0.19817940451355964,0.19817940451355964,False
C2135,2002,9,mature,177686.0,175633.0,-0.011554089798858662,0.011554089798858662,False
C2135,2003,8,mature,221997.0,217923.0,-0.01835159934593711,0.01835159934593711,False
C2135,2004,7,mature,195081.0,186910.0,-0.04188516564914061,0.04188516564914061,False
C2135,2005,6,mature,157313.0,147720.0,-0.06098033856070382,0.06098033856070382,False
C2135,2006,5,mature,157844.0,144440.0,-0.08491928739768378,0.08491928739768378,False
C2135,2007,4,immature,149783.0,131146.0,-0.12442667058344405,0.12442667058344405,False
C22635,2002,9,mature,1178.0,1175.0,-0.0025466893039049238,0.0025466893039049238,False
C22635,2003,8,mature,2606.0,2602.0,-0.0015349194167306216,0.0015349194167306216,False
C22635,2004,7,mature,5447.0,5424.0,-0.00422250780246007,0.00422250780246007,False
C22635,2005,6,mature,5992.0,5653.0,-0.05657543391188251,0.05657543391188251,False
C22635,2006,5,mature,4072.0,3560.0,-0.12573673870333987,0.12573673870333987,False
C22635,2007,4,immature,2640.0,1953.0,-0.26022727272727275,0.26022727272727275,False
C22900,2002,9,mature,141.0,141.0,0.0,0.0,False
C22900,2003,8,mature,3.0,3.0,0.0,0.0,False
C22900,2004,7,mature,0.0,0.0,0.0,0.0,False
C23108,2002,9,mature,7739.0,7363.0,-0.04858508851272774,0.04858508851272774,False
C23108,2003,8,mature,5637.0,5387.0,-0.044349831470640415,0.044349831470640415,False
C23108,2004,7,mature,2750.0,2686.0,-0.02327272727272727,0.02327272727272727,False
C23108,2005,6,mature,3091.0,3011.0,-0.02588159171789065,0.02588159171789065,False
C23140,2002,9,mature,40311.0,39924.0,-0.009600357222594329,0.009600357222594329,False
C23140,2003,8,mature,33124.0,29035.0,-0.12344523608259872,0.12344523608259872,False
C23140,2004,7,mature,23594.0,21318.0,-0.09646520301771637,0.09646520301771637,False
C23140,2005,6,mature,14486.0,13702.0,-0.054121220488747755,0.054121220488747755,False
C23140,2006,5,mature,13588.0,11773.0,-0.13357374153665,0.13357374153665,False
C23140,2007,4,immature,23258.0,20293.0,-0.12748301659643993,0.12748301659643993,False
C23574,2002,9,mature,377.0,377.0,0.0,0.0,False
C23574,2003,8,mature,756.0,756.0,0.0,0.0,False
C23574,2004,7,mature,387.0,387.0,0.0,0.0,False
C23574,2005,6,mature,816.0,818.0,0.0024509803921568627,0.0024509803921568627,False
C23574,2006,5,mature,3629.0,3462.0,-0.04601818682832736,0.04601818682832736,False
C23574,2007,4,immature,4605.0,3972.0,-0.13745928338762214,0.13745928338762214,False
C23663,2002,9,mature,7051.0,7017.0,-0.0048220110622606725,0.0048220110622606725,False
C23663,2003,8,mature,9416.0,9354.0,-0.006584536958368734,0.006584536958368734,False
C23663,2004,7,mature,6655.0,6551.0,-0.01562734785875282,0.01562734785875282,False
C23663,2005,6,mature,6819.0,6496.0,-0.04736764921542748,0.04736764921542748,False
C23663,2006,5,mature,7137.0,6411.0,-0.10172341319882304,0.10172341319882304,False
C23663,2007,4,immature,9754.0,8557.0,-0.12271888456018044,0.12271888456018044,False
C24017,2002,9,mature,88076.0,87704.0,-0.004223625051092239,0.004223625051092239,False
C24017,2003,8,mature,86024.0,85637.0,-0.004498744536408444,0.004498744536408444,False
C24017,2004,7,mature,85079.0,84127.0,-0.011189600253881686,0.011189600253881686,False
C24017,2005,6,mature,82618.0,81663.0,-0.011559224382095912,0.011559224382095912,False
C24017,2006,5,mature,89348.0,82937.0,-0.07175314500604378,0.07175314500604378,False
C24017,2007,4,immature,84833.0,72997.0,-0.13952117690049862,0.13952117690049862,False
C2623,2002,9,mature,3509.0,3403.0,-0.030208036477628954,0.030208036477628954,False
C2623,2003,8,mature,4696.0,4819.0,0.02619250425894378,0.02619250425894378,False
C2623,2004,7,mature,7509.0,7329.0,-0.023971234518577706,0.023971234518577706,False
C2623,2005,6,mature,9210.0,8563.0,-0.07024972855591748,0.07024972855591748,False
C2623,2006,5,mature,10503.0,9542.0,-0.0914976673331429,0.0914976673331429,False
C2623,2007,4,immature,7467.0,6501.0,-0.12936922458818803,0.12936922458818803,False
C26433,2002,9,mature,8399.0,8355.0,-0.00523871889510656,0.00523871889510656,False
C26433,2003,8,mature,7560.0,6426.0,-0.15,0.15,False
C26433,2004,7,mature,7448.0,6852.0,-0.08002148227712137,0.08002148227712137,False
C26433,2005,6,mature,4905.0,4125.0,-0.15902140672782875,0.15902140672782875,False
C26433,2006,5,mature,3810.0,2397.0,-0.37086614173228344,0.37086614173228344,False
C26433,2007,4,immature,3506.0,1673.0,-0.5228180262407301,0.5228180262407301,False
C26956,2002,9,mature,2538.0,2527.0,-0.004334121355397951,0.004334121355397951,False
C26956,2003,8,mature,2190.0,2187.0,-0.0013698630136986301,0.0013698630136986301,False
C26956,2004,7,mature,2080.0,1900.0,-0.08653846153846154,0.08653846153846154,False
C26956,2005,6,mature,2248.0,2024.0,-0.099644128113879,0.099644128113879,False
C26956,2006,5,mature,2742.0,2226.0,-0.18818380743982493,0.18818380743982493,False
C26956,2007,4,immature,2300.0,1888.0,-0.1791304347826087,0.1791304347826087,False
C2712,2002,9,mature,63037.0,62494.0,-0.008613988609864048,0.008613988609864048,False
C2712,2003,8,mature,62379.0,60705.0,-0.026835954407733374,0.026835954407733374,False
C2712,2004,7,mature,67667.0,65569.0,-0.031004773375500613,0.031004773375500613,False
C2712,2005,6,mature,68812.0,63928.0,-0.0709759925594373,0.0709759925594373,False
C2712,2006,5,mature,60101.0,54516.0,-0.09292690637426998,0.09292690637426998,False
C2712,2007,4,immature,60702.0,51188.0,-0.15673289183222958,0.15673289183222958,False
C27529,2002,9,mature,2036.0,2065.0,0.01424361493123772,0.01424361493123772,False
C27529,2003,8,mature,3435.0,3274.0,-0.046870451237263466,0.046870451237263466,False
C27529,2004,7,mature,2403.0,2352.0,-0.02122347066167291,0.02122347066167291,False
C27529,2005,6,mature,1765.0,1625.0,-0.07932011331444759,0.07932011331444759,False
C27529,2006,5,mature,1869.0,1644.0,-0.12038523274478331,0.12038523274478331,False
C27529,2007,4,immature,2194.0,1813.0,-0.17365542388331814,0.17365542388331814,False
C27626,2002,9,mature,3582.0,3563.0,-0.00530429927414852,0.00530429927414852,False
C27626,2003,8,mature,7047.0,6757.0,-0.0411522633744856,0.0411522633744856,False
C27626,2004,7,mature,27674.0,27372.0,-0.0109127701091277,0.0109127701091277,False
C27626,2005,6,mature,56903.0,54030.0,-0.0504894293798218,0.0504894293798218,False
C27626,2006,5,mature,78840.0,72717.0,-0.07766362252663622,0.07766362252663622,False
C27626,2007,4,immature,70011.0,60645.0,-0.133778977589236,0.133778977589236,False
C27905,2002,9,mature,0.0,0.0,0.0,0.0,False
C27905,2003,8,mature,1571.0,1116.506952598691,-0.28930174882323934,0.28930174882323934,False
C27905,2004,7,mature,9.0,9.0,0.0,0.0,False
C27905,2005,6,mature,48.0,48.0,0.0,0.0,False
C28258,2005,6,mature,0.0,0.0,0.0,0.0,False
C28258,2006,5,mature,3886.0,3269.0,-0.15877509006690685,0.15877509006690685,False
C28258,2007,4,immature,7194.0,5782.0,-0.19627467333889353,0.19627467333889353,False
C28886,2002,9,mature,3114.0,2994.0,-0.038535645472061654,0.038535645472061654,False
C28886,2003,8,mature,11301.0,10584.0,-0.06344571276878153,0.06344571276878153,False
C28886,2004,7,mature,8643.0,7952.0,-0.07994909175054958,0.07994909175054958,False
C28886,2005,6,mature,6355.0,5674.0,-0.10715971675845791,0.10715971675845791,False
C28886,2006,5,mature,4656.0,4476.0,-0.03865979381443299,0.03865979381443299,False
C28886,2007,4,immature,3811.0,2975.0,-0.21936499606402518,0.21936499606402518,False
C3000,2002,9,mature,0.0,0.0,0.0,0.0,False
C3000,2003,8,mature,0.0,0.0,0.0,0.0,False
C3000,2004,7,mature,0.0,0.0,0.0,0.0,False
C3000,2005,6,mature,0.0,0.0,0.0,0.0,False
C3000,2006,5,mature,0.0,0.0,0.0,0.0,False
C3000,2007,4,immature,0.0,0.0,0.0,0.0,False
C3034,2002,9,mature,20333.0,19937.0,-0.019475729110313283,0.019475729110313283,False
C3034,2003,8,mature,20909.0,19548.0,-0.06509158735472763,0.06509158735472763,False
C3034,2004,7,mature,25508.0,23935.0,-0.06166692802258115,0.06166692802258115,False
C3034,2005,6,mature,21689.0,20194.0,-0.0689289501590668,0.0689289501590668,False
C3034,2006,5,mature,24324.0,20924.0,-0.1397796415063312,0.1397796415063312,False
C3034,2007,4,immature,20480.0,16752.0,-0.18203125,0.18203125,False
C31780,2002,9,mature,12.0,12.0,0.0,0.0,False
C31780,2003,8,mature,40.0,40.0,0.0,0.0,False
C31780,2004,7,mature,115.0,115.0,0.0,0.0,False
C31780,2005,6,mature,28.0,28.0,0.0,0.0,False
C31780,2006,5,mature,22.0,22.0,0.0,0.0,False
C31780,2007,4,immature,38.0,39.0,0.02631578947368421,0.02631578947368421,False
C32005,2002,9,mature,6370.0,6364.0,-0.0009419152276295133,0.0009419152276295133,False
C32005,2003,8,mature,738.0,737.0,-0.0013550135501355014,0.0013550135501355014,False
C3240,2002,9,mature,4680.0,5943.0,0.26987179487179486,0.26987179487179486,False
C3240,2003,8,mature,7453.0,7971.0,0.06950221387360794,0.06950221387360794,False
C3240,2004,7,mature,11217.0,10950.0,-0.02380315592404386,0.02380315592404386,False
C3240,2005,6,mature,12310.0,10875.0,-0.1165718927701056,0.1165718927701056,False
C3240,2006,5,mature,14624.0,14595.0,-0.0019830415754923413,0.0019830415754923413,False
C3240,2007,4,immature,16335.0,14939.0,-0.0854606672788491,0.0854606672788491,False
C32875,2002,9,mature,411.0,411.0,0.0,0.0,False
C32875,2003,8,mature,295.0,289.0,-0.020338983050847456,0.020338983050847456,False
C32875,2004,7,mature,5.0,0.0,-1.0,1.0,False
C32875,2005,6,mature,0.0,0.0,0.0,0.0,False
C33499,2002,9,mature,234.0,202.3378667831421,-0.13530826161050388,0.13530826161050388,False
C33499,2003,8,mature,1110.0,1055.726907055825,-0.04889467832808559,0.04889467832808559,False
C33499,2004,7,mature,191.0,178.47527333721519,-0.06557448514547023,0.06557448514547023,False
C33499,2005,6,mature,293.0,25.040306482464075,-0.9145382031315219,0.9145382031315219,False
C33499,2006,5,mature,406.0,249.1165819298476,-0.3864123597787005,0.3864123597787005,False
C33499,2007,4,immature,40.0,13.724178954958916,-0.6568955261260271,0.6568955261260271,False
C337,2002,9,mature,6.0,6.0,0.0,0.0,False
C337,2003,8,mature,155.0,155.0,0.0,0.0,False
C337,2004,7,mature,86.0,88.0,0.023255813953488372,0.023255813953488372,False
C337,2005,6,mature,107.0,96.0,-0.102803738317757,0.102803738317757,False
C337,2006,5,mature,7.0,7.0,0.0,0.0,False
C337,2007,4,immature,156.0,60.0,-0.6153846153846154,0.6153846153846154,False
C34576,2002,9,mature,3282.0,3270.0,-0.003656307129798903,0.003656307129798903,False
C34576,2003,8,mature,4249.0,4249.0,0.0,0.0,False
C34576,2004,7,mature,3633.0,3633.0,0.0,0.0,False
C34576,2005,6,mature,3771.0,3443.0,-0.0869795810129939,0.0869795810129939,False
C34576,2006,5,mature,5097.0,5069.0,-0.0054934275063763,0.0054934275063763,False
C34576,2007,4,immature,3123.0,2911.0,-0.06788344540505924,0.06788344540505924,False
C353,2002,9,mature,506.0,505.0,-0.001976284584980237,0.001976284584980237,False
C353,2003,8,mature,420.0,420.0,0.0,0.0,False
C353,2004,7,mature,511.0,510.0,-0.0019569471624266144,0.0019569471624266144,False
C353,2005,6,mature,1523.0,1517.0,-0.003939592908732764,0.003939592908732764,False
C353,2006,5,mature,975.0,971.0,-0.0041025641025641026,0.0041025641025641026,False
C353,2007,4,immature,682.0,668.0,-0.020527859237536656,0.020527859237536656,False
C35408,2002,9,mature,209.0,204.0,-0.023923444976076555,0.023923444976076555,False
C35408,2004,7,mature,0.0,0.0,0.0,0.0,False
C35408,2005,6,mature,0.0,0.0,0.0,0.0,False
C35408,2006,5,mature,-271.0,62.0,1.2287822878228782,1.2287822878228782,False
C35408,2007,4,immature,49383.0,38405.0,-0.2223032217564749,0.2223032217564749,False
C36790,2002,9,mature,17498.0,17310.0,-0.01074408503829009,0.01074408503829009,False
C36790,2003,8,mature,10691.0,10168.0,-0.04891965204377514,0.04891965204377514,False
C36790,2004,7,mature,6096.0,5233.0,-0.14156824146981628,0.14156824146981628,False
C36790,2005,6,mature,5247.0,3274.0,-0.3760243948923194,0.3760243948923194,False
C36790,2006,5,mature,5972.0,4164.0,-0.30274614869390487,0.30274614869390487,False
C37370,2002,9,mature,3259.0,3259.0,0.0,0.0,False
C37370,2003,8,mature,2725.0,2718.0,-0.002568807339449541,0.002568807339449541,False
C37370,2004,7,mature,3228.0,3199.0,-0.008983890954151178,0.008983890954151178,False
C37370,2005,6,mature,2882.0,2817.0,-0.02255378209576683,0.02255378209576683,False
C37370,2006,5,mature,4794.0,4630.0,-0.03420942845223195,0.03420942845223195,False
C37370,2007,4,immature,7284.0,5569.0,-0.235447556287754,0.235447556287754,False
C38300,2002,9,mature,232.0,231.0,-0.004310344827586207,0.004310344827586207,False
C38300,2003,8,mature,83.0,82.0,-0.012048192771084338,0.012048192771084338,False
C38300,2004,7,mature,154.0,141.0,-0.08441558441558442,0.08441558441558442,False
C38300,2005,6,mature,554.0,541.0,-0.023465703971119134,0.023465703971119134,False
C38300,2006,5,mature,579.0,510.0,-0.11917098445595854,0.11917098445595854,False
C38300,2007,4,immature,458.0,256.0,-0.4410480349344978,0.4410480349344978,False
C38687,2002,9,mature,3279.0,3272.0,-0.0021347971942665446,0.0021347971942665446,False
C38687,2003,8,mature,2027.0,2013.0,-0.006906758756783424,0.006906758756783424,False
C38687,2004,7,mature,2220.0,2168.0,-0.023423423423423424,0.023423423423423424,False
C38687,2005,6,mature,2530.0,2443.0,-0.03438735177865613,0.03438735177865613,False
C38687,2006,5,mature,1340.0,1329.0,-0.008208955223880597,0.008208955223880597,False
C38687,2007,4,immature,2486.0,2488.0,0.0008045052292839903,0.0008045052292839903,False
C38733,2002,9,mature,66016.0,65578.0,-0.0066347552108579734,0.0066347552108579734,False
C38733,2003,8,mature,61157.0,59832.0,-0.02166554932387135,0.02166554932387135,False
C38733,2004,7,mature,42229.0,40060.0,-0.05136280754931445,0.05136280754931445,False
C38733,2005,6,mature,41864.0,39132.0,-0.06525893369004396,0.06525893369004396,False
C38733,2006,5,mature,43278.0,38765.0,-0.10427931050418227,0.10427931050418227,False
C38733,2007,4,immature,47356.0,38057.0,-0.1963637131514486,0.1963637131514486,False
C388,2002,9,mature,218871.0,213296.0,-0.025471624838375118,0.025471624838375118,False
C388,2003,8,mature,232367.0,221195.0,-0.04807911622562584,0.04807911622562584,False
C388,2004,7,mature,254134.0,236591.0,-0.06903051146245681,0.06903051146245681,False
C388,2005,6,mature,270854.0,238736.0,-0.11858048985800468,0.11858048985800468,False
C388,2006,5,mature,252080.0,212102.0,-0.15859251031418597,0.15859251031418597,False
C38997,2002,9,mature,633.0,633.0,0.0,0.0,False
C38997,2003,8,mature,784.0,784.0,0.0,0.0,False
C38997,2007,4,immature,0.0,0.0,0.0,0.0,False
C40126,2002,9,mature,1049.0,1044.0,-0.004766444232602479,0.004766444232602479,False
C40126,2003,8,mature,800.0,785.0,-0.01875,0.01875,False
C40126,2004,7,mature,815.0,773.0,-0.051533742331288344,0.051533742331288344,False
C40126,2005,6,mature,800.0,763.0,-0.04625,0.04625,False
C40126,2006,5,mature,1045.0,964.0,-0.07751196172248803,0.07751196172248803,False
C40126,2007,4,immature,1128.0,1013.0,-0.10195035460992907,0.10195035460992907,False
C41300,2002,9,mature,1898.0,1897.0,-0.0005268703898840885,0.0005268703898840885,False
C41300,2003,8,mature,3232.0,3226.0,-0.0018564356435643563,0.0018564356435643563,False
C41300,2004,7,mature,2569.0,2542.0,-0.010509926041261192,0.010509926041261192,False
C41300,2005,6,mature,1962.0,1962.0,0.0,0.0,False
C41300,2006,5,mature,2748.0,2404.0,-0.12518195050946143,0.12518195050946143,False
C41300,2007,4,immature,1042.0,986.0,-0.053742802303262956,0.053742802303262956,False
C41394,2002,9,mature,5943.0,5847.0,-0.016153457849570924,0.016153457849570924,False
C41394,2003,8,mature,5691.0,6063.0,0.06536636794939378,0.06536636794939378,False
C41394,2004,7,mature,6798.0,6646.0,-0.022359517505148575,0.022359517505148575,False
C41394,2005,6,mature,9215.0,8282.0,-0.10124796527400977,0.10124796527400977,False
C41394,2006,5,mature,6488.0,5377.0,-0.1712392108508015,0.1712392108508015,False
C41394,2007,4,immature,9248.0,7945.0,-0.14089532871972318,0.14089532871972318,False
C41580,2002,9,mature,78.0,78.0,0.0,0.0,False
C41580,2003,8,mature,13.0,13.0,0.0,0.0,False
C41580,2004,7,mature,43.0,43.0,0.0,0.0,False
C41580,2005,6,mature,189.0,181.0,-0.042328042328042326,0.042328042328042326,False
C41580,2006,5,mature,503.0,226.0,-0.5506958250497018,0.5506958250497018,False
C41580,2007,4,immature,324.0,171.0,-0.4722222222222222,0.4722222222222222,False
C42439,2002,9,mature,106.0,106.0,0.0,0.0,False
C42439,2003,8,mature,94.0,94.0,0.0,0.0,False
C42439,2004,7,mature,140.0,124.0,-0.11428571428571428,0.11428571428571428,False
C42439,2005,6,mature,28.0,28.0,0.0,0.0,False
C42439,2006,5,mature,0.0,0.0,0.0,0.0,False
C43915,2002,9,mature,78.0,78.0,0.0,0.0,False
C43915,2003,8,mature,12.0,12.0,0.0,0.0,False
C43915,2004,7,mature,42.0,42.0,0.0,0.0,False
C43915,2005,6,mature,214.0,175.0,-0.1822429906542056,0.1822429906542056,False
C43915,2006,5,mature,403.0,226.0,-0.4392059553349876,0.4392059553349876,False
C43915,2007,4,immature,323.0,172.0,-0.4674922600619195,0.4674922600619195,False
C44300,2002,9,mature,1877.0,1840.0,-0.019712306872669155,0.019712306872669155,False
C44300,2003,8,mature,2755.0,2645.0,-0.039927404718693285,0.039927404718693285,False
C44300,2004,7,mature,1081.0,1043.0,-0.03515263644773358,0.03515263644773358,False
C44300,2005,6,mature,3216.0,2834.0,-0.11878109452736318,0.11878109452736318,False
C4839,2002,9,mature,0.0,0.0,0.0,0.0,False
C5010,2002,9,mature,5873.0,5801.0,-0.012259492593223224,0.012259492593223224,False
C5010,2003,8,mature,29373.0,28045.0,-0.045211588874136115,0.045211588874136115,False
C5010,2004,7,mature,56073.0,51870.0,-0.07495586110962495,0.07495586110962495,False
C5010,2005,6,mature,71070.0,60522.0,-0.14841705360911778,0.14841705360911778,False
C5010,2006,5,mature,95583.0,77903.0,-0.18497013067177218,0.18497013067177218,False
C5010,2007,4,immature,118869.0,83050.0,-0.30133171810985204,0.30133171810985204,False
C5185,2002,9,mature,16117.0,16097.0,-0.0012409257305950239,0.0012409257305950239,False
C5185,2003,8,mature,18842.0,18432.0,-0.021759898099989385,0.021759898099989385,False
C5185,2004,7,mature,22531.0,21966.0,-0.025076561182370956,0.025076561182370956,False
C5185,2005,6,mature,16806.0,16243.0,-0.03349994049744139,0.03349994049744139,False
C5185,2006,5,mature,19780.0,18943.0,-0.0423154701718908,0.0423154701718908,False
C5185,2007,4,immature,18560.0,16935.0,-0.08755387931034483,0.08755387931034483,False
C5940,2002,9,mature,26975.0,26767.0,-0.0077108433734939755,0.0077108433734939755,False
C5940,2003,8,mature,19333.0,18625.0,-0.036621321057259605,0.036621321057259605,False
C5940,2004,7,mature,20658.0,19718.0,-0.04550295285119566,0.04550295285119566,False
C5940,2005,6,mature,26526.0,24316.0,-0.08331448390258614,0.08331448390258614,False
C5940,2006,5,mature,27443.0,24693.0,-0.10020770323944175,0.10020770323944175,False
C5940,2007,4,immature,25667.0,19582.0,-0.23707484318385474,0.23707484318385474,False
C6408,2002,9,mature,6223.0,6210.0,-0.0020890245862124376,0.0020890245862124376,False
C6408,2003,8,mature,6772.0,6737.0,-0.005168340224453632,0.005168340224453632,False
C6408,2004,7,mature,6589.0,6401.0,-0.028532402488996814,0.028532402488996814,False
C6408,2005,6,mature,8510.0,8180.0,-0.038777908343125736,0.038777908343125736,False
C6408,2006,5,mature,8416.0,7895.0,-0.06190589353612167,0.06190589353612167,False
C6408,2007,4,immature,7594.0,6919.0,-0.08888596260205425,0.08888596260205425,False
C671,2002,9,mature,12070.0,11950.0,-0.009942004971002486,0.009942004971002486,False
C671,2003,8,mature,12050.0,11691.0,-0.02979253112033195,0.02979253112033195,False
C671,2004,7,mature,13968.0,13515.0,-0.03243127147766323,0.03243127147766323,False
C671,2005,6,mature,12104.0,10949.0,-0.09542300066093853,0.09542300066093853,False
C671,2006,5,mature,12680.0,10471.0,-0.17421135646687697,0.17421135646687697,False
C671,2007,4,immature,17110.0,13627.0,-0.20356516656925774,0.20356516656925774,False
C6807,2002,9,mature,116011.0,115596.0,-0.0035772469851996793,0.0035772469851996793,False
C6807,2003,8,mature,101890.0,100733.0,-0.011355383256453038,0.011355383256453038,False
C6807,2004,7,mature,132088.0,128065.0,-0.030456968081884805,0.030456968081884805,False
C6807,2005,6,mature,139465.0,131163.0,-0.05952748001290646,0.05952748001290646,False
C6807,2006,5,mature,132002.0,123235.0,-0.0664156603687823,0.0664156603687823,False
C6807,2007,4,immature,152769.0,127306.0,-0.16667648541261643,0.16667648541261643,False
C7080,2002,9,mature,222175.0,217056.0,-0.023040396084167886,0.023040396084167886,False
C7080,2003,8,mature,242646.0,230897.0,-0.048420332500844855,0.048420332500844855,False
C7080,2004,7,mature,276365.0,250341.0,-0.09416532484214717,0.09416532484214717,False
C7080,2005,6,mature,311740.0,270585.0,-0.13201706550330403,0.13201706550330403,False
C7080,2006,5,mature,315332.0,252018.0,-0.20078520416576814,0.20078520416576814,False
C7080,2007,4,immature,275722.0,210170.0,-0.23774671589499569,0.23774671589499569,False
C8168,2005,6,mature,0.0,0.0,0.0,0.0,False
C8427,2002,9,mature,2604.0,2603.0,-0.00038402457757296467,0.00038402457757296467,False
C8427,2003,8,mature,1521.0,1521.0,0.0,0.0,False
C8427,2004,7,mature,55.0,55.0,0.0,0.0,False
C8427,2005,6,mature,0.0,0.0,0.0,0.0,False
C8559,2002,9,mature,13.0,13.0,0.0,0.0,False
C8559,2004,7,mature,0.0,0.0,0.0,0.0,False
C86,2004,7,mature,0.0,0.0,0.0,0.0,False
C86,2005,6,mature,0.0,3.0,300000000.0,300000000.0,True
C86,2007,4,immature,0.0,0.0,0.0,0.0,False
C8672,2002,9,mature,3947.0,3946.0,-0.0002533569799847986,0.0002533569799847986,False
C8672,2003,8,mature,6663.0,6313.0,-0.052528890889989494,0.052528890889989494,False
C8672,2004,7,mature,8311.0,8059.0,-0.03032126097942486,0.03032126097942486,False
C8672,2005,6,mature,3669.0,2863.0,-0.21967838648133006,0.21967838648133006,False
C8672,2006,5,mature,3878.0,1811.0,-0.5330067044868488,0.5330067044868488,False
C8672,2007,4,immature,10401.0,7805.0,-0.24959138544370735,0.24959138544370735,False
C965,2002,9,mature,21882.0,21713.0,-0.007723242848002925,0.007723242848002925,False
C965,2003,8,mature,23903.0,23517.0,-0.01614860059406769,0.01614860059406769,False
C965,2004,7,mature,32105.0,30956.0,-0.03578881794113067,0.03578881794113067,False
C965,2005,6,mature,35188.0,33348.0,-0.05229055359781744,0.05229055359781744,False
C965,2006,5,mature,44642.0,41646.0,-0.06711168854442005,0.06711168854442005,False
C965,2007,4,immature,44836.0,39487.0,-0.11930145418859844,0.11930145418859844,False
